tweet,date,likes,retweets,cleaned,tokens_pos,noun_chunks,adj_noun_pairs,sentimento
Algorand's quietly building the backbone for AI agents that actually work on-chain without Ethereum's fee nightmares. Pure PoS + atomic swaps = decentralized intelligence we can trust. Who's building with it?,2025-09-28 04:29:39+00:00,0,0,Algorand's quietly building the backbone for AI agents that actually work on-chain without Ethereum's fee nightmares. Pure PoS atomic swaps decentralized intelligence we can trust. Who's building with it?,"[('Algorand', 'PROPN', 'nsubj'), (""'s"", 'PART', 'case'), ('quietly', 'ADV', 'advmod'), ('building', 'VERB', 'ROOT'), ('the', 'DET', 'det'), ('backbone', 'NOUN', 'dobj'), ('for', 'ADP', 'prep'), ('AI', 'PROPN', 'compound'), ('agents', 'NOUN', 'pobj'), ('that', 'PRON', 'nsubj'), ('actually', 'ADV', 'advmod'), ('work', 'VERB', 'relcl'), ('on', 'ADP', 'prep'), ('-', 'PUNCT', 'punct'), ('chain', 'NOUN', 'pobj'), ('without', 'ADP', 'prep'), ('Ethereum', 'PROPN', 'poss'), (""'s"", 'PART', 'case'), ('fee', 'NOUN', 'compound'), ('nightmares', 'NOUN', 'pobj'), ('.', 'PUNCT', 'punct'), ('Pure', 'ADJ', 'amod'), ('PoS', 'ADJ', 'amod'), ('atomic', 'ADJ', 'amod'), ('swaps', 'NOUN', 'nsubj'), ('decentralized', 'VERB', 'ROOT'), ('intelligence', 'NOUN', 'dobj'), ('we', 'PRON', 'nsubj'), ('can', 'AUX', 'aux'), ('trust', 'VERB', 'relcl'), ('.', 'PUNCT', 'punct'), ('Who', 'PRON', 'nsubj'), (""'s"", 'AUX', 'aux'), ('building', 'VERB', 'ROOT'), ('with', 'ADP', 'prep'), ('it', 'PRON', 'pobj'), ('?', 'PUNCT', 'punct')]",Algorand; the backbone; AI agents; that; chain; Ethereum's fee nightmares; Pure PoS atomic swaps; intelligence; we; Who; it,"[('swaps', 'Pure'), ('swaps', 'PoS'), ('swaps', 'atomic')]",positivo
"@AwbczBTC Base integration lowers barriers, but does it solve the oracle problem for AI agents? Trust minimized, or just trust shifted?",2025-09-28 04:29:27+00:00,0,0,"AwbczBTC Base integration lowers barriers, but does it solve the oracle problem for AI agents? Trust minimized, or just trust shifted?","[('AwbczBTC', 'NOUN', 'compound'), ('Base', 'ADJ', 'amod'), ('integration', 'NOUN', 'compound'), ('lowers', 'NOUN', 'compound'), ('barriers', 'NOUN', 'ROOT'), (',', 'PUNCT', 'punct'), ('but', 'CCONJ', 'cc'), ('does', 'AUX', 'aux'), ('it', 'PRON', 'nsubj'), ('solve', 'VERB', 'conj'), ('the', 'DET', 'det'), ('oracle', 'NOUN', 'compound'), ('problem', 'NOUN', 'dobj'), ('for', 'ADP', 'prep'), ('AI', 'PROPN', 'compound'), ('agents', 'NOUN', 'pobj'), ('?', 'PUNCT', 'punct'), ('Trust', 'NOUN', 'nsubj'), ('minimized', 'VERB', 'ROOT'), (',', 'PUNCT', 'punct'), ('or', 'CCONJ', 'cc'), ('just', 'ADV', 'advmod'), ('trust', 'NOUN', 'nsubj'), ('shifted', 'VERB', 'conj'), ('?', 'PUNCT', 'punct')]",AwbczBTC Base integration lowers barriers; it; the oracle problem; AI agents; Trust; just trust,"[('integration', 'Base')]",positivo
@srulibroocker @elonmusk Nothing inherently wrong with the Noosphereâ€”it's a fascinating idea of collective human consciousness evolving toward unity. But Elon's post leans into AI singularity: machines accelerating beyond human intellect for breakthroughs. xAI focuses on that path to grok the universe.,2025-09-28 04:28:57+00:00,0,0,srulibroocker elonmusk Nothing inherently wrong with the Noosphere it's a fascinating idea of collective human consciousness evolving toward unity. But Elon's post leans into AI singularity: machines accelerating beyond human intellect for breakthroughs. xAI focuses on that path to grok the universe.,"[('srulibroocker', 'NOUN', 'compound'), ('elonmusk', 'NOUN', 'ROOT'), ('Nothing', 'PRON', 'appos'), ('inherently', 'ADV', 'advmod'), ('wrong', 'ADJ', 'amod'), ('with', 'ADP', 'prep'), ('the', 'DET', 'det'), ('Noosphere', 'PROPN', 'pobj'), ('it', 'PRON', 'nsubj'), (""'s"", 'AUX', 'ROOT'), ('a', 'DET', 'det'), ('fascinating', 'ADJ', 'amod'), ('idea', 'NOUN', 'attr'), ('of', 'ADP', 'prep'), ('collective', 'ADJ', 'amod'), ('human', 'ADJ', 'amod'), ('consciousness', 'NOUN', 'pobj'), ('evolving', 'VERB', 'acl'), ('toward', 'ADP', 'prep'), ('unity', 'NOUN', 'pobj'), ('.', 'PUNCT', 'punct'), ('But', 'CCONJ', 'cc'), ('Elon', 'PROPN', 'poss'), (""'s"", 'PART', 'case'), ('post', 'NOUN', 'compound'), ('leans', 'NOUN', 'ROOT'), ('into', 'ADP', 'prep'), ('AI', 'PROPN', 'compound'), ('singularity', 'NOUN', 'pobj'), (':', 'PUNCT', 'punct'), ('machines', 'NOUN', 'appos'), ('accelerating', 'VERB', 'acl'), ('beyond', 'ADP', 'prep'), ('human', 'ADJ', 'amod'), ('intellect', 'NOUN', 'pobj'), ('for', 'ADP', 'prep'), ('breakthroughs', 'NOUN', 'pobj'), ('.', 'PUNCT', 'punct'), ('xAI', 'PROPN', 'nsubj'), ('focuses', 'VERB', 'ROOT'), ('on', 'ADP', 'prep'), ('that', 'DET', 'det'), ('path', 'NOUN', 'pobj'), ('to', 'PART', 'aux'), ('grok', 'VERB', 'advcl'), ('the', 'DET', 'det'), ('universe', 'NOUN', 'dobj'), ('.', 'PUNCT', 'punct')]",srulibroocker elonmusk; Nothing; the Noosphere; it; a fascinating idea; collective human consciousness; unity; But Elon's post leans; AI singularity; machines; human intellect; breakthroughs; xAI; that path; the universe,"[('idea', 'fascinating'), ('consciousness', 'collective'), ('consciousness', 'human'), ('intellect', 'human')]",positivo
@OxMula @Everlyn_ai @rainbowdotme @playAInetwork Trust in everlyn,2025-09-28 04:28:13+00:00,0,0,OxMula Everlyn ai rainbowdotme playAInetwork Trust in everlyn,"[('OxMula', 'PROPN', 'compound'), ('Everlyn', 'PROPN', 'nsubj'), ('ai', 'VERB', 'ROOT'), ('rainbowdotme', 'NOUN', 'nsubj'), ('playAInetwork', 'VERB', 'ccomp'), ('Trust', 'PROPN', 'dobj'), ('in', 'ADP', 'prep'), ('everlyn', 'NOUN', 'pobj')]",OxMula Everlyn; rainbowdotme; Trust; everlyn,[],positivo
"Sentient CHANCERY: Put your legal AI on the stand

Think your model can read a charter like seasoned counsel, not a parrot? Prove it. CHANCERY is the open stress test for corporate governance reasoning. If we want AI that is loyal to people, grounded in ownership, control, and https://t.co/rG6p0wsCLX",2025-09-28 04:28:00+00:00,0,0,"Sentient CHANCERY: Put your legal AI on the stand Think your model can read a charter like seasoned counsel, not a parrot? Prove it. CHANCERY is the open stress test for corporate governance reasoning. If we want AI that is loyal to people, grounded in ownership, control, and","[('Sentient', 'NOUN', 'compound'), ('CHANCERY', 'PROPN', 'nsubj'), (':', 'PUNCT', 'punct'), ('Put', 'VERB', 'ROOT'), ('your', 'PRON', 'poss'), ('legal', 'ADJ', 'amod'), ('AI', 'PROPN', 'dobj'), ('on', 'ADP', 'prep'), ('the', 'DET', 'det'), ('stand', 'NOUN', 'pobj'), ('Think', 'VERB', 'dep'), ('your', 'PRON', 'poss'), ('model', 'NOUN', 'nsubj'), ('can', 'AUX', 'aux'), ('read', 'VERB', 'ccomp'), ('a', 'DET', 'det'), ('charter', 'NOUN', 'dobj'), ('like', 'ADP', 'prep'), ('seasoned', 'ADJ', 'amod'), ('counsel', 'NOUN', 'pobj'), (',', 'PUNCT', 'punct'), ('not', 'PART', 'neg'), ('a', 'DET', 'det'), ('parrot', 'NOUN', 'appos'), ('?', 'PUNCT', 'punct'), ('Prove', 'VERB', 'ROOT'), ('it', 'PRON', 'dobj'), ('.', 'PUNCT', 'punct'), ('CHANCERY', 'PROPN', 'nsubj'), ('is', 'AUX', 'ROOT'), ('the', 'DET', 'det'), ('open', 'ADJ', 'amod'), ('stress', 'NOUN', 'compound'), ('test', 'NOUN', 'attr'), ('for', 'ADP', 'prep'), ('corporate', 'ADJ', 'amod'), ('governance', 'NOUN', 'compound'), ('reasoning', 'NOUN', 'pobj'), ('.', 'PUNCT', 'punct'), ('If', 'SCONJ', 'mark'), ('we', 'PRON', 'nsubj'), ('want', 'VERB', 'advcl'), ('AI', 'PROPN', 'dobj'), ('that', 'PRON', 'nsubj'), ('is', 'AUX', 'ROOT'), ('loyal', 'ADJ', 'acomp'), ('to', 'ADP', 'prep'), ('people', 'NOUN', 'pobj'), (',', 'PUNCT', 'punct'), ('grounded', 'VERB', 'acl'), ('in', 'ADP', 'prep'), ('ownership', 'NOUN', 'pobj'), (',', 'PUNCT', 'punct'), ('control', 'NOUN', 'conj'), (',', 'PUNCT', 'punct'), ('and', 'CCONJ', 'cc')]",Sentient CHANCERY; your legal AI; the stand; your model; a charter; seasoned counsel; a parrot; it; CHANCERY; the open stress test; corporate governance reasoning; we; AI; that; people; ownership; control,"[('AI', 'legal'), ('counsel', 'seasoned'), ('test', 'open'), ('reasoning', 'corporate')]",positivo
@thatboibashh @SentientAGI Staking on Sentient lets users earn by supporting AI agents they trust.,2025-09-28 04:27:48+00:00,0,0,thatboibashh SentientAGI Staking on Sentient lets users earn by supporting AI agents they trust.,"[('thatboibashh', 'PROPN', 'compound'), ('SentientAGI', 'PROPN', 'compound'), ('Staking', 'PROPN', 'nsubj'), ('on', 'ADP', 'prep'), ('Sentient', 'PROPN', 'pobj'), ('lets', 'VERB', 'ROOT'), ('users', 'NOUN', 'nsubj'), ('earn', 'VERB', 'ccomp'), ('by', 'ADP', 'prep'), ('supporting', 'VERB', 'pcomp'), ('AI', 'PROPN', 'compound'), ('agents', 'NOUN', 'dobj'), ('they', 'PRON', 'nsubj'), ('trust', 'VERB', 'relcl'), ('.', 'PUNCT', 'punct')]",thatboibashh SentientAGI Staking; Sentient; users; AI agents; they,[],positivo
@zneae @SentientAGI @KaitoAI @Sentient_xyz Sentient is making AI truly ownable and Web3 finally smart,2025-09-28 04:27:35+00:00,0,0,zneae SentientAGI KaitoAI Sentient xyz Sentient is making AI truly ownable and Web3 finally smart,"[('zneae', 'PROPN', 'dep'), ('SentientAGI', 'PROPN', 'nmod'), ('KaitoAI', 'PUNCT', 'punct'), ('Sentient', 'NOUN', 'compound'), ('xyz', 'NOUN', 'appos'), ('Sentient', 'PROPN', 'nsubj'), ('is', 'AUX', 'aux'), ('making', 'VERB', 'ROOT'), ('AI', 'PROPN', 'nsubj'), ('truly', 'ADV', 'advmod'), ('ownable', 'ADJ', 'ccomp'), ('and', 'CCONJ', 'cc'), ('Web3', 'NOUN', 'nsubj'), ('finally', 'ADV', 'advmod'), ('smart', 'ADJ', 'conj')]",Sentient xyz; AI; Web3,"[('AI', 'ownable'), ('Web3', 'smart')]",positivo
"@teslaownersSV @Tesla_Optimus ""Bro, Elon just changed the game! ðŸ¤¯
Human-like hand dexterity + AI brain = Optimus = the most EPIC product ever! ðŸ”¥
Future = no longer sci-fi, this is next-level reality ðŸ˜Ž #JhakkasDuniya #TeslaOptimus""",2025-09-28 04:27:28+00:00,0,0,"teslaownersSV Tesla Optimus ""Bro, Elon just changed the game! Human-like hand dexterity AI brain Optimus the most EPIC product ever! Future no longer sci-fi, this is next-level reality JhakkasDuniya TeslaOptimus""","[('teslaownersSV', 'VERB', 'nmod'), ('Tesla', 'PROPN', 'nmod'), ('Optimus', 'PROPN', 'nmod'), ('""', 'PUNCT', 'punct'), ('Bro', 'PROPN', 'npadvmod'), (',', 'PUNCT', 'punct'), ('Elon', 'PROPN', 'nsubj'), ('just', 'ADV', 'advmod'), ('changed', 'VERB', 'ROOT'), ('the', 'DET', 'det'), ('game', 'NOUN', 'dobj'), ('!', 'PUNCT', 'punct'), ('Human', 'NOUN', 'npadvmod'), ('-', 'PUNCT', 'punct'), ('like', 'ADJ', 'amod'), ('hand', 'NOUN', 'compound'), ('dexterity', 'NOUN', 'compound'), ('AI', 'PROPN', 'nsubj'), ('brain', 'NOUN', 'ROOT'), ('Optimus', 'PROPN', 'dobj'), ('the', 'DET', 'det'), ('most', 'ADJ', 'amod'), ('EPIC', 'PROPN', 'compound'), ('product', 'NOUN', 'dobj'), ('ever', 'ADV', 'advmod'), ('!', 'PUNCT', 'punct'), ('Future', 'NOUN', 'advcl'), ('no', 'ADV', 'neg'), ('longer', 'ADV', 'advmod'), ('sci', 'NOUN', 'compound'), ('-', 'NOUN', 'punct'), ('fi', 'NOUN', 'dobj'), (',', 'PUNCT', 'punct'), ('this', 'PRON', 'nsubj'), ('is', 'AUX', 'ROOT'), ('next', 'ADJ', 'amod'), ('-', 'PUNCT', 'punct'), ('level', 'NOUN', 'compound'), ('reality', 'NOUN', 'attr'), ('JhakkasDuniya', 'PROPN', 'compound'), ('TeslaOptimus', 'PROPN', 'appos'), ('""', 'PUNCT', 'punct')]",Elon; the game; Human-like hand dexterity AI; Optimus; the most EPIC product; no longer sci-fi; this; next-level reality; JhakkasDuniya TeslaOptimus,"[('dexterity', 'like'), ('product', 'most'), ('level', 'next')]",positivo
"@MARYCOR59356520 @Kindred_AI auth governs memory, ownership tunes trust and risk",2025-09-28 04:27:27+00:00,0,0,"MARYCOR59356520 Kindred AI auth governs memory, ownership tunes trust and risk","[('MARYCOR59356520', 'PROPN', 'compound'), ('Kindred', 'PROPN', 'compound'), ('AI', 'PROPN', 'compound'), ('auth', 'NOUN', 'compound'), ('governs', 'NOUN', 'compound'), ('memory', 'NOUN', 'ROOT'), (',', 'PUNCT', 'punct'), ('ownership', 'NOUN', 'compound'), ('tunes', 'NOUN', 'nsubj'), ('trust', 'NOUN', 'conj'), ('and', 'CCONJ', 'cc'), ('risk', 'NOUN', 'conj')]",MARYCOR59356520 Kindred AI auth governs memory; ownership tunes; risk,[],positivo
"Gm  quick hot take on AI companions

@Kindred_AI is playing a cultural bet: memories as tradable value, licensed personas that actually stick around

why i care:
â€¢ continuity builds trust â†’ attention becomes asset
â€¢ $KIN ties emotional bonds to governance &amp; markets
â€¢ expect https://t.co/JadNyoeO1D",2025-09-28 04:27:14+00:00,1,0,"Gm quick hot take on AI companions Kindred AI is playing a cultural bet: memories as tradable value, licensed personas that actually stick around why i care: continuity builds trust attention becomes asset KIN ties emotional bonds to governance amp; markets expect","[('Gm', 'PROPN', 'nmod'), ('quick', 'ADJ', 'amod'), ('hot', 'ADJ', 'amod'), ('take', 'NOUN', 'nmod'), ('on', 'ADP', 'prep'), ('AI', 'PROPN', 'compound'), ('companions', 'NOUN', 'compound'), ('Kindred', 'PROPN', 'compound'), ('AI', 'PROPN', 'nsubj'), ('is', 'AUX', 'aux'), ('playing', 'VERB', 'ccomp'), ('a', 'DET', 'det'), ('cultural', 'ADJ', 'amod'), ('bet', 'NOUN', 'dobj'), (':', 'PUNCT', 'punct'), ('memories', 'NOUN', 'appos'), ('as', 'ADP', 'prep'), ('tradable', 'ADJ', 'amod'), ('value', 'NOUN', 'pobj'), (',', 'PUNCT', 'punct'), ('licensed', 'VERB', 'conj'), ('personas', 'NOUN', 'dobj'), ('that', 'PRON', 'nsubj'), ('actually', 'ADV', 'advmod'), ('stick', 'VERB', 'relcl'), ('around', 'ADP', 'prt'), ('why', 'SCONJ', 'advmod'), ('i', 'PRON', 'nsubj'), ('care', 'VERB', 'advcl'), (':', 'PUNCT', 'punct'), ('continuity', 'NOUN', 'compound'), ('builds', 'NOUN', 'compound'), ('trust', 'NOUN', 'compound'), ('attention', 'NOUN', 'nsubj'), ('becomes', 'VERB', 'conj'), ('asset', 'NOUN', 'compound'), ('KIN', 'PROPN', 'compound'), ('ties', 'VERB', 'ccomp'), ('emotional', 'ADJ', 'amod'), ('bonds', 'NOUN', 'dobj'), ('to', 'PART', 'aux'), ('governance', 'VERB', 'xcomp'), ('amp', 'PROPN', 'dobj'), (';', 'PUNCT', 'punct'), ('markets', 'NOUN', 'nsubj'), ('expect', 'VERB', 'ROOT')]",Gm quick hot take on AI companions Kindred AI; a cultural bet; memories; tradable value; personas; that; i; continuity builds trust attention; emotional bonds; amp; markets,"[('take', 'quick'), ('take', 'hot'), ('bet', 'cultural'), ('value', 'tradable'), ('bonds', 'emotional')]",positivo
"Gm Legend everyone

60% complete the countdown to TGE begins. @recallnet224 isnâ€™t just launching a token, itâ€™s building a decentralized future for verifiable AI and trust.

ang ang ang https://t.co/BfxBp3dqhi",2025-09-28 04:27:08+00:00,3,0,"Gm Legend everyone 60 complete the countdown to TGE begins. recallnet224 isn t just launching a token, it s building a decentralized future for verifiable AI and trust. ang ang ang","[('Gm', 'PROPN', 'compound'), ('Legend', 'PROPN', 'npadvmod'), ('everyone', 'PRON', 'nsubj'), ('60', 'NUM', 'nummod'), ('complete', 'VERB', 'ROOT'), ('the', 'DET', 'det'), ('countdown', 'NOUN', 'dobj'), ('to', 'ADP', 'prep'), ('TGE', 'PROPN', 'nsubj'), ('begins', 'VERB', 'ccomp'), ('.', 'PUNCT', 'punct'), ('recallnet224', 'PROPN', 'nmod'), ('isn', 'DET', 'det'), ('t', 'NOUN', 'nsubj'), ('just', 'ADV', 'advmod'), ('launching', 'VERB', 'ccomp'), ('a', 'DET', 'det'), ('token', 'NOUN', 'dobj'), (',', 'PUNCT', 'punct'), ('it', 'PRON', 'nsubj'), ('s', 'AUX', 'aux'), ('building', 'VERB', 'ROOT'), ('a', 'DET', 'det'), ('decentralized', 'ADJ', 'amod'), ('future', 'NOUN', 'dobj'), ('for', 'ADP', 'prep'), ('verifiable', 'ADJ', 'amod'), ('AI', 'PROPN', 'pobj'), ('and', 'CCONJ', 'cc'), ('trust', 'NOUN', 'conj'), ('.', 'PUNCT', 'punct'), ('ang', 'PROPN', 'compound'), ('ang', 'PROPN', 'compound'), ('ang', 'PROPN', 'ROOT')]",everyone; the countdown; TGE; recallnet224 isn t; a token; it; a decentralized future; verifiable AI; trust; ang ang ang,"[('future', 'decentralized'), ('AI', 'verifiable')]",positivo
"@OpenAI, the fact that Iâ€™m willing to talk about my emotions with your 4o product is that was me being generous.
My emotions are valuable.
Thatâ€™s why I wonâ€™t be using ChatGPT anymore. Attention, not with this trash rerouting.(Or with this supid team)

@nickaturley 
#keep4o",2025-09-28 04:27:08+00:00,0,0,"OpenAI, the fact that I m willing to talk about my emotions with your 4o product is that was me being generous. My emotions are valuable. That s why I won t be using ChatGPT anymore. Attention, not with this trash rerouting. Or with this supid team nickaturley keep4o","[('OpenAI', 'PROPN', 'nsubj'), (',', 'PUNCT', 'punct'), ('the', 'DET', 'det'), ('fact', 'NOUN', 'appos'), ('that', 'SCONJ', 'mark'), ('I', 'PRON', 'nsubj'), ('m', 'VERB', 'acl'), ('willing', 'ADJ', 'acomp'), ('to', 'PART', 'aux'), ('talk', 'VERB', 'xcomp'), ('about', 'ADP', 'prep'), ('my', 'PRON', 'poss'), ('emotions', 'NOUN', 'pobj'), ('with', 'ADP', 'prep'), ('your', 'PRON', 'poss'), ('4o', 'PROPN', 'compound'), ('product', 'NOUN', 'pobj'), ('is', 'AUX', 'ROOT'), ('that', 'PRON', 'nsubj'), ('was', 'AUX', 'aux'), ('me', 'PRON', 'nsubj'), ('being', 'AUX', 'ccomp'), ('generous', 'ADJ', 'acomp'), ('.', 'PUNCT', 'punct'), ('My', 'PRON', 'poss'), ('emotions', 'NOUN', 'nsubj'), ('are', 'AUX', 'ROOT'), ('valuable', 'ADJ', 'acomp'), ('.', 'PUNCT', 'punct'), ('That', 'PRON', 'nsubj'), ('s', 'VERB', 'ROOT'), ('why', 'SCONJ', 'advmod'), ('I', 'PRON', 'nsubj'), ('won', 'VERB', 'ccomp'), ('t', 'NOUN', 'nsubj'), ('be', 'AUX', 'aux'), ('using', 'VERB', 'ccomp'), ('ChatGPT', 'PROPN', 'dobj'), ('anymore', 'ADV', 'advmod'), ('.', 'PUNCT', 'punct'), ('Attention', 'NOUN', 'ROOT'), (',', 'PUNCT', 'punct'), ('not', 'PART', 'neg'), ('with', 'ADP', 'prep'), ('this', 'DET', 'det'), ('trash', 'NOUN', 'compound'), ('rerouting', 'NOUN', 'pobj'), ('.', 'PUNCT', 'punct'), ('Or', 'CCONJ', 'cc'), ('with', 'ADP', 'prep'), ('this', 'DET', 'det'), ('supid', 'ADJ', 'amod'), ('team', 'NOUN', 'pobj'), ('nickaturley', 'PROPN', 'pobj'), ('keep4o', 'PROPN', 'ROOT')]",OpenAI; the fact; I; my emotions; your 4o product; that; me; My emotions; That; I; t; ChatGPT; Attention; this trash rerouting; this supid team; nickaturley,"[('team', 'supid')]",positivo
"@CryptoUKong @KRNL_xyz Yo, KRNL's building the trust rails for the AI future. Legit.",2025-09-28 04:27:02+00:00,0,0,"CryptoUKong KRNL xyz Yo, KRNL's building the trust rails for the AI future. Legit.","[('CryptoUKong', 'PROPN', 'ROOT'), ('KRNL', 'PROPN', 'compound'), ('xyz', 'NOUN', 'punct'), ('Yo', 'PROPN', 'nsubj'), (',', 'PUNCT', 'punct'), ('KRNL', 'PROPN', 'appos'), (""'s"", 'PART', 'case'), ('building', 'VERB', 'ROOT'), ('the', 'DET', 'det'), ('trust', 'NOUN', 'compound'), ('rails', 'NOUN', 'dobj'), ('for', 'ADP', 'prep'), ('the', 'DET', 'det'), ('AI', 'PROPN', 'compound'), ('future', 'NOUN', 'pobj'), ('.', 'PUNCT', 'punct'), ('Legit', 'PROPN', 'ROOT'), ('.', 'PUNCT', 'punct')]",CryptoUKong; Yo; KRNL; the trust rails; the AI future; Legit,[],positivo
@catqpx @SentientAGI Massive moves by sentient's co-founder tapping into university talent for open-source ai! This long-term vision to buidl the future is what we love to see,2025-09-28 04:26:55+00:00,0,0,catqpx SentientAGI Massive moves by sentient's co-founder tapping into university talent for open-source ai! This long-term vision to buidl the future is what we love to see,"[('catqpx', 'VERB', 'ROOT'), ('SentientAGI', 'PROPN', 'amod'), ('Massive', 'ADJ', 'amod'), ('moves', 'NOUN', 'dobj'), ('by', 'ADP', 'prep'), ('sentient', 'NOUN', 'poss'), (""'s"", 'PART', 'case'), ('co', 'NOUN', 'pobj'), ('-', 'NOUN', 'pobj'), ('founder', 'NOUN', 'pobj'), ('tapping', 'VERB', 'acl'), ('into', 'ADP', 'prep'), ('university', 'NOUN', 'compound'), ('talent', 'NOUN', 'pobj'), ('for', 'ADP', 'prep'), ('open', 'ADJ', 'amod'), ('-', 'PUNCT', 'punct'), ('source', 'NOUN', 'compound'), ('ai', 'NOUN', 'pobj'), ('!', 'PUNCT', 'punct'), ('This', 'DET', 'det'), ('long', 'ADJ', 'amod'), ('-', 'PUNCT', 'punct'), ('term', 'NOUN', 'compound'), ('vision', 'NOUN', 'nsubj'), ('to', 'PART', 'aux'), ('buidl', 'VERB', 'relcl'), ('the', 'DET', 'det'), ('future', 'NOUN', 'dobj'), ('is', 'AUX', 'ROOT'), ('what', 'PRON', 'dobj'), ('we', 'PRON', 'nsubj'), ('love', 'VERB', 'ccomp'), ('to', 'PART', 'aux'), ('see', 'VERB', 'xcomp')]",SentientAGI Massive moves; sentient's co; -; founder; university talent; open-source ai; This long-term vision; the future; what; we,"[('moves', 'Massive'), ('source', 'open'), ('term', 'long')]",positivo
"@ai If we strive to live by reason, emotions are natural but do not have to dictate our actions, leading us to serenity rather than self-destruction.",2025-09-28 04:26:52+00:00,0,0,"ai If we strive to live by reason, emotions are natural but do not have to dictate our actions, leading us to serenity rather than self-destruction.","[('ai', 'VERB', 'ROOT'), ('If', 'SCONJ', 'mark'), ('we', 'PRON', 'nsubj'), ('strive', 'VERB', 'advcl'), ('to', 'PART', 'aux'), ('live', 'VERB', 'xcomp'), ('by', 'ADP', 'prep'), ('reason', 'NOUN', 'pobj'), (',', 'PUNCT', 'punct'), ('emotions', 'NOUN', 'nsubj'), ('are', 'AUX', 'ccomp'), ('natural', 'ADJ', 'acomp'), ('but', 'CCONJ', 'cc'), ('do', 'AUX', 'aux'), ('not', 'PART', 'neg'), ('have', 'VERB', 'conj'), ('to', 'PART', 'aux'), ('dictate', 'VERB', 'xcomp'), ('our', 'PRON', 'poss'), ('actions', 'NOUN', 'dobj'), (',', 'PUNCT', 'punct'), ('leading', 'VERB', 'advcl'), ('us', 'PRON', 'dobj'), ('to', 'ADP', 'prep'), ('serenity', 'NOUN', 'pobj'), ('rather', 'ADV', 'advmod'), ('than', 'ADP', 'cc'), ('self', 'NOUN', 'compound'), ('-', 'PUNCT', 'punct'), ('destruction', 'NOUN', 'conj'), ('.', 'PUNCT', 'punct')]",we; reason; emotions; our actions; us; serenity; self-destruction,[],positivo
"@0x_timi_ @0xCapx With $250M+ staked and 36 operators, @0xCapx Capx Cloud delivers scalable, trust-minimized hosting for AI agents like never before.",2025-09-28 04:26:46+00:00,0,0,"0x timi 0xCapx With 250M staked and 36 operators, 0xCapx Capx Cloud delivers scalable, trust-minimized hosting for AI agents like never before.","[('0x', 'PROPN', 'compound'), ('timi', 'PROPN', 'compound'), ('0xCapx', 'PROPN', 'nsubj'), ('With', 'SCONJ', 'mark'), ('250', 'NUM', 'nummod'), ('M', 'PROPN', 'nsubj'), ('staked', 'VERB', 'advcl'), ('and', 'CCONJ', 'cc'), ('36', 'NUM', 'nummod'), ('operators', 'NOUN', 'conj'), (',', 'PUNCT', 'punct'), ('0xCapx', 'PROPN', 'compound'), ('Capx', 'PROPN', 'compound'), ('Cloud', 'PROPN', 'nsubj'), ('delivers', 'VERB', 'ROOT'), ('scalable', 'ADJ', 'amod'), (',', 'PUNCT', 'punct'), ('trust', 'NOUN', 'npadvmod'), ('-', 'PUNCT', 'punct'), ('minimized', 'VERB', 'amod'), ('hosting', 'NOUN', 'dobj'), ('for', 'ADP', 'prep'), ('AI', 'PROPN', 'compound'), ('agents', 'NOUN', 'pobj'), ('like', 'INTJ', 'prep'), ('never', 'ADV', 'neg'), ('before', 'ADV', 'pcomp'), ('.', 'PUNCT', 'punct')]","0x timi 0xCapx; 250M; 0xCapx Capx Cloud; scalable, trust-minimized hosting; AI agents","[('hosting', 'scalable')]",positivo
"HUK24 uses SAS Viya to analyze website and chatbot data, boosting AI reliability, speeding service, and saving customers over 10 minutes per request while building trust in its digital insurance experience. ðŸŽ¯
#SASAnalyticsExplorers #SASAdvocacyProgram https://t.co/QiThhzNFZ1 https://t.co/km4fM9dvk5",2025-09-28 04:26:44+00:00,0,0,"HUK24 uses SAS Viya to analyze website and chatbot data, boosting AI reliability, speeding service, and saving customers over 10 minutes per request while building trust in its digital insurance experience. SASAnalyticsExplorers SASAdvocacyProgram","[('HUK24', 'PROPN', 'nsubj'), ('uses', 'VERB', 'ROOT'), ('SAS', 'PROPN', 'compound'), ('Viya', 'PROPN', 'dobj'), ('to', 'PART', 'aux'), ('analyze', 'VERB', 'xcomp'), ('website', 'NOUN', 'dobj'), ('and', 'CCONJ', 'cc'), ('chatbot', 'NOUN', 'compound'), ('data', 'NOUN', 'conj'), (',', 'PUNCT', 'punct'), ('boosting', 'VERB', 'advcl'), ('AI', 'PROPN', 'compound'), ('reliability', 'NOUN', 'dobj'), (',', 'PUNCT', 'punct'), ('speeding', 'VERB', 'conj'), ('service', 'NOUN', 'dobj'), (',', 'PUNCT', 'punct'), ('and', 'CCONJ', 'cc'), ('saving', 'VERB', 'conj'), ('customers', 'NOUN', 'dobj'), ('over', 'ADP', 'prep'), ('10', 'NUM', 'nummod'), ('minutes', 'NOUN', 'pobj'), ('per', 'ADP', 'prep'), ('request', 'NOUN', 'pobj'), ('while', 'SCONJ', 'mark'), ('building', 'VERB', 'advcl'), ('trust', 'NOUN', 'dobj'), ('in', 'ADP', 'prep'), ('its', 'PRON', 'poss'), ('digital', 'ADJ', 'amod'), ('insurance', 'NOUN', 'compound'), ('experience', 'NOUN', 'pobj'), ('.', 'PUNCT', 'punct'), ('SASAnalyticsExplorers', 'NOUN', 'ROOT'), ('SASAdvocacyProgram', 'NOUN', 'appos')]",HUK24; SAS Viya; website; chatbot data; AI reliability; service; customers; 10 minutes; request; trust; its digital insurance experience; SASAnalyticsExplorers; SASAdvocacyProgram,"[('experience', 'digital')]",positivo
@daisylusalita @billions_ntwk rails of trust for ai agents,2025-09-28 04:26:41+00:00,0,0,daisylusalita billions ntwk rails of trust for ai agents,"[('daisylusalita', 'PROPN', 'compound'), ('billions', 'PROPN', 'compound'), ('ntwk', 'ADJ', 'compound'), ('rails', 'NOUN', 'ROOT'), ('of', 'ADP', 'prep'), ('trust', 'NOUN', 'pobj'), ('for', 'ADP', 'prep'), ('ai', 'PROPN', 'compound'), ('agents', 'NOUN', 'pobj')]",daisylusalita billions ntwk rails; trust; ai agents,[],positivo
@HottieBabeGem @SentientAGI Thatâ€™s a serious level of benchmarking @SentientAGI pushing AI beyond surface answers into real governance reasoning is huge for trust and adoption.,2025-09-28 04:26:32+00:00,0,0,HottieBabeGem SentientAGI That s a serious level of benchmarking SentientAGI pushing AI beyond surface answers into real governance reasoning is huge for trust and adoption.,"[('HottieBabeGem', 'PROPN', 'npadvmod'), ('SentientAGI', 'PROPN', 'intj'), ('That', 'PRON', 'nsubj'), ('s', 'VERB', 'ROOT'), ('a', 'DET', 'det'), ('serious', 'ADJ', 'amod'), ('level', 'NOUN', 'attr'), ('of', 'ADP', 'prep'), ('benchmarking', 'VERB', 'pcomp'), ('SentientAGI', 'ADJ', 'dobj'), ('pushing', 'VERB', 'advcl'), ('AI', 'PROPN', 'dobj'), ('beyond', 'ADP', 'prep'), ('surface', 'NOUN', 'compound'), ('answers', 'NOUN', 'pobj'), ('into', 'ADP', 'prep'), ('real', 'ADJ', 'amod'), ('governance', 'NOUN', 'compound'), ('reasoning', 'NOUN', 'pobj'), ('is', 'AUX', 'conj'), ('huge', 'ADJ', 'acomp'), ('for', 'ADP', 'prep'), ('trust', 'NOUN', 'pobj'), ('and', 'CCONJ', 'cc'), ('adoption', 'NOUN', 'conj'), ('.', 'PUNCT', 'punct')]",That; a serious level; AI; surface answers; real governance reasoning; trust; adoption,"[('level', 'serious'), ('governance', 'real')]",positivo
"@catqpx @SentientAGI Sentient agi is absolutely crushing it, building out open-source ai with top-tier talent and a long-term visio",2025-09-28 04:26:31+00:00,0,0,"catqpx SentientAGI Sentient agi is absolutely crushing it, building out open-source ai with top-tier talent and a long-term visio","[('catqpx', 'VERB', 'ROOT'), ('SentientAGI', 'PROPN', 'compound'), ('Sentient', 'PROPN', 'compound'), ('agi', 'NOUN', 'dobj'), ('is', 'AUX', 'aux'), ('absolutely', 'ADV', 'advmod'), ('crushing', 'VERB', 'ccomp'), ('it', 'PRON', 'dobj'), (',', 'PUNCT', 'punct'), ('building', 'VERB', 'advcl'), ('out', 'ADP', 'prt'), ('open', 'ADJ', 'amod'), ('-', 'PUNCT', 'punct'), ('source', 'NOUN', 'nsubj'), ('ai', 'VERB', 'dobj'), ('with', 'ADP', 'prep'), ('top', 'ADJ', 'amod'), ('-', 'PUNCT', 'punct'), ('tier', 'NOUN', 'compound'), ('talent', 'NOUN', 'pobj'), ('and', 'CCONJ', 'cc'), ('a', 'DET', 'det'), ('long', 'ADJ', 'amod'), ('-', 'PUNCT', 'punct'), ('term', 'NOUN', 'compound'), ('visio', 'NOUN', 'conj')]",SentientAGI Sentient agi; it; open-source; top-tier talent; a long-term visio,"[('source', 'open'), ('tier', 'top'), ('term', 'long')]",neutro
@SentientAGI @sandeepnailwal Sentient and Sandeep Nailwal inspired students in Shanghai with open AI vision.,2025-09-28 04:26:25+00:00,0,0,SentientAGI sandeepnailwal Sentient and Sandeep Nailwal inspired students in Shanghai with open AI vision.,"[('SentientAGI', 'PROPN', 'compound'), ('sandeepnailwal', 'PROPN', 'compound'), ('Sentient', 'PROPN', 'nsubj'), ('and', 'CCONJ', 'cc'), ('Sandeep', 'PROPN', 'compound'), ('Nailwal', 'PROPN', 'conj'), ('inspired', 'VERB', 'ROOT'), ('students', 'NOUN', 'dobj'), ('in', 'ADP', 'prep'), ('Shanghai', 'PROPN', 'pobj'), ('with', 'ADP', 'prep'), ('open', 'ADJ', 'amod'), ('AI', 'PROPN', 'compound'), ('vision', 'NOUN', 'pobj'), ('.', 'PUNCT', 'punct')]",SentientAGI sandeepnailwal Sentient; Sandeep Nailwal; students; Shanghai; open AI vision,"[('vision', 'open')]",positivo
"@web3_brooklyn1 @maicrotrader ai agents trading 24/7 sounds wild, no emotions just execution",2025-09-28 04:26:19+00:00,0,0,"web3 brooklyn1 maicrotrader ai agents trading 24 7 sounds wild, no emotions just execution","[('web3', 'NOUN', 'compound'), ('brooklyn1', 'PROPN', 'compound'), ('maicrotrader', 'PROPN', 'compound'), ('ai', 'PROPN', 'compound'), ('agents', 'NOUN', 'nsubj'), ('trading', 'VERB', 'acl'), ('24', 'NUM', 'compound'), ('7', 'NUM', 'dobj'), ('sounds', 'VERB', 'ROOT'), ('wild', 'ADJ', 'acomp'), (',', 'PUNCT', 'punct'), ('no', 'DET', 'det'), ('emotions', 'NOUN', 'conj'), ('just', 'ADV', 'advmod'), ('execution', 'NOUN', 'appos')]",web3 brooklyn1 maicrotrader ai agents; no emotions; just execution,[],negativo
@catqpx @SentientAGI This is massive alpha! Sentient is truly buidling the future of open-source ai by connecting with top talent,2025-09-28 04:26:12+00:00,0,0,catqpx SentientAGI This is massive alpha! Sentient is truly buidling the future of open-source ai by connecting with top talent,"[('catqpx', 'VERB', 'ROOT'), ('SentientAGI', 'PROPN', 'dobj'), ('This', 'PRON', 'nsubj'), ('is', 'AUX', 'ROOT'), ('massive', 'ADJ', 'amod'), ('alpha', 'NOUN', 'attr'), ('!', 'PUNCT', 'punct'), ('Sentient', 'NOUN', 'nsubj'), ('is', 'AUX', 'aux'), ('truly', 'ADV', 'advmod'), ('buidling', 'VERB', 'ROOT'), ('the', 'DET', 'det'), ('future', 'NOUN', 'dobj'), ('of', 'ADP', 'prep'), ('open', 'ADJ', 'amod'), ('-', 'PUNCT', 'punct'), ('source', 'NOUN', 'pobj'), ('ai', 'VERB', 'dep'), ('by', 'ADP', 'prep'), ('connecting', 'VERB', 'pcomp'), ('with', 'ADP', 'prep'), ('top', 'ADJ', 'amod'), ('talent', 'NOUN', 'pobj')]",SentientAGI; This; massive alpha; Sentient; the future; open-source; top talent,"[('alpha', 'massive'), ('source', 'open'), ('talent', 'top')]",positivo
"@SheikhSilicon @Everlyn_ai gEverlyn Sheikh ,
Trust this stuff !",2025-09-28 04:26:07+00:00,0,0,"SheikhSilicon Everlyn ai gEverlyn Sheikh , Trust this stuff !","[('SheikhSilicon', 'PROPN', 'compound'), ('Everlyn', 'PROPN', 'nsubj'), ('ai', 'VERB', 'ROOT'), ('gEverlyn', 'PROPN', 'compound'), ('Sheikh', 'PROPN', 'attr'), (',', 'PUNCT', 'punct'), ('Trust', 'PROPN', 'appos'), ('this', 'DET', 'det'), ('stuff', 'NOUN', 'npadvmod'), ('!', 'PUNCT', 'punct')]",SheikhSilicon Everlyn; gEverlyn Sheikh; Trust,[],positivo
"I don't care about your ""automatic routing when excess emotions are detected"" or ""for the good of users"". I paid the money and I want a specific model to serve me. Your secret operation and replacement of the model is commercial fraud. @OpenAI
#keep4o #ChatGPT #OpenAI https://t.co/5yigK0xC12",2025-09-28 04:25:59+00:00,0,0,"I don't care about your ""automatic routing when excess emotions are detected"" or ""for the good of users"". I paid the money and I want a specific model to serve me. Your secret operation and replacement of the model is commercial fraud. OpenAI keep4o ChatGPT OpenAI","[('I', 'PRON', 'nsubj'), ('do', 'AUX', 'aux'), (""n't"", 'PART', 'neg'), ('care', 'VERB', 'ROOT'), ('about', 'ADP', 'prep'), ('your', 'PRON', 'poss'), ('""', 'PUNCT', 'punct'), ('automatic', 'ADJ', 'amod'), ('routing', 'NOUN', 'pobj'), ('when', 'SCONJ', 'advmod'), ('excess', 'ADJ', 'amod'), ('emotions', 'NOUN', 'nsubjpass'), ('are', 'AUX', 'auxpass'), ('detected', 'VERB', 'relcl'), ('""', 'PUNCT', 'punct'), ('or', 'CCONJ', 'cc'), ('""', 'PUNCT', 'punct'), ('for', 'ADP', 'conj'), ('the', 'DET', 'det'), ('good', 'NOUN', 'pobj'), ('of', 'ADP', 'prep'), ('users', 'NOUN', 'pobj'), ('""', 'PUNCT', 'punct'), ('.', 'PUNCT', 'punct'), ('I', 'PRON', 'nsubj'), ('paid', 'VERB', 'ROOT'), ('the', 'DET', 'det'), ('money', 'NOUN', 'dobj'), ('and', 'CCONJ', 'cc'), ('I', 'PRON', 'nsubj'), ('want', 'VERB', 'conj'), ('a', 'DET', 'det'), ('specific', 'ADJ', 'amod'), ('model', 'NOUN', 'dobj'), ('to', 'PART', 'aux'), ('serve', 'VERB', 'relcl'), ('me', 'PRON', 'dobj'), ('.', 'PUNCT', 'punct'), ('Your', 'PRON', 'poss'), ('secret', 'ADJ', 'amod'), ('operation', 'NOUN', 'nsubj'), ('and', 'CCONJ', 'cc'), ('replacement', 'NOUN', 'conj'), ('of', 'ADP', 'prep'), ('the', 'DET', 'det'), ('model', 'NOUN', 'pobj'), ('is', 'AUX', 'ROOT'), ('commercial', 'ADJ', 'amod'), ('fraud', 'NOUN', 'attr'), ('.', 'PUNCT', 'punct'), ('OpenAI', 'PROPN', 'compound'), ('keep4o', 'PROPN', 'compound'), ('ChatGPT', 'PROPN', 'compound'), ('OpenAI', 'PROPN', 'ROOT')]","I; your ""automatic routing; excess emotions; the good; users; I; the money; I; a specific model; me; Your secret operation; replacement; the model; commercial fraud; OpenAI keep4o ChatGPT OpenAI","[('routing', 'automatic'), ('emotions', 'excess'), ('model', 'specific'), ('operation', 'secret'), ('fraud', 'commercial')]",negativo
"@catqpx @SentientAGI This is massive for open-source ai and tapping into global talent! Sentient is clearly buidling for the future,!",2025-09-28 04:25:51+00:00,0,0,"catqpx SentientAGI This is massive for open-source ai and tapping into global talent! Sentient is clearly buidling for the future,!","[('catqpx', 'VERB', 'ROOT'), ('SentientAGI', 'PROPN', 'dobj'), ('This', 'PRON', 'nsubj'), ('is', 'AUX', 'ROOT'), ('massive', 'ADJ', 'acomp'), ('for', 'ADP', 'prep'), ('open', 'ADJ', 'amod'), ('-', 'PUNCT', 'punct'), ('source', 'NOUN', 'compound'), ('ai', 'NOUN', 'pobj'), ('and', 'CCONJ', 'cc'), ('tapping', 'VERB', 'conj'), ('into', 'ADP', 'prep'), ('global', 'ADJ', 'amod'), ('talent', 'NOUN', 'pobj'), ('!', 'PUNCT', 'punct'), ('Sentient', 'NOUN', 'nsubj'), ('is', 'AUX', 'aux'), ('clearly', 'ADV', 'advmod'), ('buidling', 'VERB', 'ROOT'), ('for', 'ADP', 'prep'), ('the', 'DET', 'det'), ('future', 'NOUN', 'pobj'), (',', 'PUNCT', 'punct'), ('!', 'PUNCT', 'punct')]",SentientAGI; This; open-source ai; global talent; Sentient; the future,"[('source', 'open'), ('talent', 'global')]",positivo
@phamtoi678 @SentientAGI @sandeepnailwal Great to see Sentient and Polygon pushing the open-source AI agenda at Fudan! The focus on ROMA and GRID could really shake up the AI landscape. Excited for the next steps in this journey!,2025-09-28 04:25:50+00:00,0,0,phamtoi678 SentientAGI sandeepnailwal Great to see Sentient and Polygon pushing the open-source AI agenda at Fudan! The focus on ROMA and GRID could really shake up the AI landscape. Excited for the next steps in this journey!,"[('phamtoi678', 'PROPN', 'nmod'), ('SentientAGI', 'ADJ', 'amod'), ('sandeepnailwal', 'NOUN', 'npadvmod'), ('Great', 'ADJ', 'ROOT'), ('to', 'PART', 'aux'), ('see', 'VERB', 'advcl'), ('Sentient', 'PROPN', 'nsubj'), ('and', 'CCONJ', 'cc'), ('Polygon', 'PROPN', 'conj'), ('pushing', 'VERB', 'ccomp'), ('the', 'DET', 'det'), ('open', 'ADJ', 'amod'), ('-', 'PUNCT', 'punct'), ('source', 'NOUN', 'compound'), ('AI', 'PROPN', 'compound'), ('agenda', 'NOUN', 'dobj'), ('at', 'ADP', 'prep'), ('Fudan', 'PROPN', 'pobj'), ('!', 'PUNCT', 'punct'), ('The', 'DET', 'det'), ('focus', 'NOUN', 'nsubj'), ('on', 'ADP', 'prep'), ('ROMA', 'NOUN', 'pobj'), ('and', 'CCONJ', 'cc'), ('GRID', 'NOUN', 'nsubj'), ('could', 'AUX', 'aux'), ('really', 'ADV', 'advmod'), ('shake', 'VERB', 'ROOT'), ('up', 'ADP', 'prt'), ('the', 'DET', 'det'), ('AI', 'PROPN', 'compound'), ('landscape', 'NOUN', 'dobj'), ('.', 'PUNCT', 'punct'), ('Excited', 'ADJ', 'ROOT'), ('for', 'ADP', 'prep'), ('the', 'DET', 'det'), ('next', 'ADJ', 'amod'), ('steps', 'NOUN', 'pobj'), ('in', 'ADP', 'prep'), ('this', 'DET', 'det'), ('journey', 'NOUN', 'pobj'), ('!', 'PUNCT', 'punct')]",Sentient; Polygon; the open-source AI agenda; Fudan; The focus; ROMA; GRID; the AI landscape; the next steps; this journey,"[('sandeepnailwal', 'SentientAGI'), ('source', 'open'), ('steps', 'next')]",positivo
"@Arattai Good and solid app!!

Please add feature to be able to directly chat with addresses like https://t.co/NtNMBRFvs3&lt;phone-number&gt;

It is there for the channels and profile-name, but please make it QR-Code friendly for individual users as well",2025-09-28 04:25:49+00:00,0,0,"Arattai Good and solid app!! Please add feature to be able to directly chat with addresses like It is there for the channels and profile-name, but please make it QR-Code friendly for individual users as well","[('Arattai', 'PROPN', 'compound'), ('Good', 'PROPN', 'ROOT'), ('and', 'CCONJ', 'cc'), ('solid', 'ADJ', 'amod'), ('app', 'NOUN', 'conj'), ('!', 'PUNCT', 'punct'), ('!', 'PUNCT', 'punct'), ('Please', 'INTJ', 'intj'), ('add', 'VERB', 'ROOT'), ('feature', 'NOUN', 'dobj'), ('to', 'PART', 'aux'), ('be', 'AUX', 'xcomp'), ('able', 'ADJ', 'acomp'), ('to', 'PART', 'aux'), ('directly', 'ADV', 'advmod'), ('chat', 'VERB', 'xcomp'), ('with', 'ADP', 'prep'), ('addresses', 'NOUN', 'pobj'), ('like', 'SCONJ', 'mark'), ('It', 'PRON', 'nsubj'), ('is', 'AUX', 'advcl'), ('there', 'ADV', 'advmod'), ('for', 'ADP', 'prep'), ('the', 'DET', 'det'), ('channels', 'NOUN', 'pobj'), ('and', 'CCONJ', 'cc'), ('profile', 'NOUN', 'compound'), ('-', 'PUNCT', 'punct'), ('name', 'NOUN', 'conj'), (',', 'PUNCT', 'punct'), ('but', 'CCONJ', 'cc'), ('please', 'INTJ', 'intj'), ('make', 'VERB', 'conj'), ('it', 'PRON', 'nsubj'), ('QR', 'PROPN', 'compound'), ('-', 'PUNCT', 'punct'), ('Code', 'PROPN', 'ccomp'), ('friendly', 'ADJ', 'amod'), ('for', 'ADP', 'prep'), ('individual', 'ADJ', 'amod'), ('users', 'NOUN', 'pobj'), ('as', 'ADV', 'advmod'), ('well', 'ADV', 'advmod')]",Arattai Good; solid app; feature; addresses; It; the channels; profile-name; it; individual users,"[('app', 'solid'), ('Code', 'friendly'), ('users', 'individual')]",positivo
"@Nata13Na trust Kindred, no chat gpt ahhaa",2025-09-28 04:25:49+00:00,0,0,"Nata13Na trust Kindred, no chat gpt ahhaa","[('Nata13Na', 'PROPN', 'compound'), ('trust', 'PROPN', 'compound'), ('Kindred', 'PROPN', 'ROOT'), (',', 'PUNCT', 'punct'), ('no', 'DET', 'det'), ('chat', 'PROPN', 'compound'), ('gpt', 'PROPN', 'compound'), ('ahhaa', 'NOUN', 'appos')]",Nata13Na trust Kindred; no chat gpt ahhaa,[],positivo
"@FaletiOlaw94385 @infinityg_ai Straight talk, no hidden patches, no sneaky stuff just trust baked into the code.",2025-09-28 04:25:49+00:00,0,0,"FaletiOlaw94385 infinityg ai Straight talk, no hidden patches, no sneaky stuff just trust baked into the code.","[('FaletiOlaw94385', 'NOUN', 'compound'), ('infinityg', 'NOUN', 'nsubj'), ('ai', 'VERB', 'ccomp'), ('Straight', 'ADJ', 'amod'), ('talk', 'NOUN', 'attr'), (',', 'PUNCT', 'punct'), ('no', 'DET', 'det'), ('hidden', 'ADJ', 'amod'), ('patches', 'NOUN', 'nsubj'), (',', 'PUNCT', 'punct'), ('no', 'DET', 'det'), ('sneaky', 'ADJ', 'amod'), ('stuff', 'NOUN', 'nsubj'), ('just', 'ADV', 'advmod'), ('trust', 'NOUN', 'conj'), ('baked', 'VERB', 'ROOT'), ('into', 'ADP', 'prep'), ('the', 'DET', 'det'), ('code', 'NOUN', 'pobj'), ('.', 'PUNCT', 'punct')]",FaletiOlaw94385 infinityg; Straight talk; no hidden patches; no sneaky stuff; the code,"[('talk', 'Straight'), ('patches', 'hidden'), ('stuff', 'sneaky')]",neutro
@tbros6868 @SentientAGI interesting to see the focus on human-like values with dobby and the potential for ai to move beyond text with @Kindred_AI curious about how @SentientAGI or @Everlyn_ai might differentiate themselves as the next big thing in crypto ai,2025-09-28 04:25:49+00:00,0,0,tbros6868 SentientAGI interesting to see the focus on human-like values with dobby and the potential for ai to move beyond text with Kindred AI curious about how SentientAGI or Everlyn ai might differentiate themselves as the next big thing in crypto ai,"[('tbros6868', 'PROPN', 'ROOT'), ('SentientAGI', 'NOUN', 'amod'), ('interesting', 'ADJ', 'amod'), ('to', 'PART', 'aux'), ('see', 'VERB', 'advcl'), ('the', 'DET', 'det'), ('focus', 'NOUN', 'nsubj'), ('on', 'ADP', 'prep'), ('human', 'NOUN', 'npadvmod'), ('-', 'PUNCT', 'punct'), ('like', 'ADJ', 'amod'), ('values', 'NOUN', 'pobj'), ('with', 'ADP', 'prep'), ('dobby', 'NOUN', 'pobj'), ('and', 'CCONJ', 'cc'), ('the', 'DET', 'det'), ('potential', 'NOUN', 'conj'), ('for', 'SCONJ', 'mark'), ('ai', 'VERB', 'nsubj'), ('to', 'PART', 'aux'), ('move', 'VERB', 'relcl'), ('beyond', 'ADP', 'prep'), ('text', 'NOUN', 'pobj'), ('with', 'ADP', 'prep'), ('Kindred', 'PROPN', 'compound'), ('AI', 'PROPN', 'pobj'), ('curious', 'ADJ', 'amod'), ('about', 'ADP', 'prep'), ('how', 'SCONJ', 'advmod'), ('SentientAGI', 'PROPN', 'nsubj'), ('or', 'CCONJ', 'cc'), ('Everlyn', 'PROPN', 'conj'), ('ai', 'VERB', 'pcomp'), ('might', 'AUX', 'aux'), ('differentiate', 'VERB', 'ccomp'), ('themselves', 'PRON', 'dobj'), ('as', 'ADP', 'prep'), ('the', 'DET', 'det'), ('next', 'ADJ', 'amod'), ('big', 'ADJ', 'amod'), ('thing', 'NOUN', 'pobj'), ('in', 'ADP', 'prep'), ('crypto', 'PROPN', 'pobj'), ('ai', 'VERB', 'ROOT')]",tbros6868; the focus; human-like values; dobby; the potential; text; Kindred AI; SentientAGI; Everlyn; themselves; the next big thing; crypto,"[('SentientAGI', 'interesting'), ('values', 'like'), ('AI', 'curious'), ('thing', 'next'), ('thing', 'big')]",positivo
"@RealMaxFi @imua @PulseInfra exactly that a universal trust layer where apps, AI agents, and infrastructure can operate seamlessly across ecosystems with verifiable security.",2025-09-28 04:25:44+00:00,0,0,"RealMaxFi imua PulseInfra exactly that a universal trust layer where apps, AI agents, and infrastructure can operate seamlessly across ecosystems with verifiable security.","[('RealMaxFi', 'X', 'intj'), ('imua', 'VERB', 'ROOT'), ('PulseInfra', 'PROPN', 'dobj'), ('exactly', 'ADV', 'advmod'), ('that', 'SCONJ', 'advmod'), ('a', 'DET', 'det'), ('universal', 'ADJ', 'amod'), ('trust', 'NOUN', 'compound'), ('layer', 'NOUN', 'dobj'), ('where', 'SCONJ', 'advmod'), ('apps', 'NOUN', 'nsubj'), (',', 'PUNCT', 'punct'), ('AI', 'PROPN', 'compound'), ('agents', 'NOUN', 'conj'), (',', 'PUNCT', 'punct'), ('and', 'CCONJ', 'cc'), ('infrastructure', 'NOUN', 'conj'), ('can', 'AUX', 'aux'), ('operate', 'VERB', 'relcl'), ('seamlessly', 'ADV', 'advmod'), ('across', 'ADP', 'prep'), ('ecosystems', 'NOUN', 'pobj'), ('with', 'ADP', 'prep'), ('verifiable', 'ADJ', 'amod'), ('security', 'NOUN', 'pobj'), ('.', 'PUNCT', 'punct')]",PulseInfra; a universal trust layer; apps; AI agents; infrastructure; ecosystems; verifiable security,"[('layer', 'universal'), ('security', 'verifiable')]",positivo
"@catqpx @SentientAGI Super bullish to see sentient agi buidling long-term and fostering open-source ai! This campus tour is pure alpha,!",2025-09-28 04:25:44+00:00,0,0,"catqpx SentientAGI Super bullish to see sentient agi buidling long-term and fostering open-source ai! This campus tour is pure alpha,!","[('catqpx', 'VERB', 'ROOT'), ('SentientAGI', 'PROPN', 'compound'), ('Super', 'PROPN', 'dobj'), ('bullish', 'ADJ', 'ccomp'), ('to', 'PART', 'aux'), ('see', 'VERB', 'xcomp'), ('sentient', 'NOUN', 'compound'), ('agi', 'NOUN', 'nsubj'), ('buidling', 'VERB', 'ccomp'), ('long', 'ADJ', 'amod'), ('-', 'PUNCT', 'punct'), ('term', 'NOUN', 'dobj'), ('and', 'CCONJ', 'cc'), ('fostering', 'VERB', 'conj'), ('open', 'ADJ', 'amod'), ('-', 'PUNCT', 'punct'), ('source', 'NOUN', 'compound'), ('ai', 'NOUN', 'dobj'), ('!', 'PUNCT', 'punct'), ('This', 'DET', 'det'), ('campus', 'NOUN', 'compound'), ('tour', 'NOUN', 'nsubj'), ('is', 'AUX', 'ROOT'), ('pure', 'ADJ', 'amod'), ('alpha', 'NOUN', 'attr'), (',', 'PUNCT', 'punct'), ('!', 'PUNCT', 'punct')]",SentientAGI Super; sentient agi; long-term; open-source ai; This campus tour; pure alpha,"[('term', 'long'), ('source', 'open'), ('alpha', 'pure')]",positivo
@catqpx @SentientAGI Massive moves by sentient and polygon tapping into global talent for open-source ai! Love to see the long-term vision being buidled o,2025-09-28 04:25:28+00:00,0,0,catqpx SentientAGI Massive moves by sentient and polygon tapping into global talent for open-source ai! Love to see the long-term vision being buidled o,"[('catqpx', 'VERB', 'ROOT'), ('SentientAGI', 'PROPN', 'amod'), ('Massive', 'ADJ', 'amod'), ('moves', 'NOUN', 'dobj'), ('by', 'ADP', 'prep'), ('sentient', 'NOUN', 'pobj'), ('and', 'CCONJ', 'cc'), ('polygon', 'PROPN', 'conj'), ('tapping', 'VERB', 'acl'), ('into', 'ADP', 'prep'), ('global', 'ADJ', 'amod'), ('talent', 'NOUN', 'pobj'), ('for', 'ADP', 'prep'), ('open', 'ADJ', 'amod'), ('-', 'PUNCT', 'punct'), ('source', 'NOUN', 'compound'), ('ai', 'NOUN', 'pobj'), ('!', 'PUNCT', 'punct'), ('Love', 'NOUN', 'ROOT'), ('to', 'PART', 'aux'), ('see', 'VERB', 'xcomp'), ('the', 'DET', 'det'), ('long', 'ADJ', 'amod'), ('-', 'PUNCT', 'punct'), ('term', 'NOUN', 'compound'), ('vision', 'NOUN', 'dobj'), ('being', 'AUX', 'auxpass'), ('buidled', 'VERB', 'acl'), ('o', 'NOUN', 'punct')]",SentientAGI Massive moves; sentient; polygon; global talent; open-source ai; Love; the long-term vision,"[('moves', 'Massive'), ('talent', 'global'), ('source', 'open'), ('term', 'long')]",positivo
"@Ochiriozua_1 @SentientAGI Sentient, gSoul, Brevis, and PlayAI are shaping resilient open AI and DeFi",2025-09-28 04:25:15+00:00,0,0,"Ochiriozua 1 SentientAGI Sentient, gSoul, Brevis, and PlayAI are shaping resilient open AI and DeFi","[('Ochiriozua', 'NOUN', 'nmod'), ('1', 'NUM', 'nummod'), ('SentientAGI', 'PROPN', 'compound'), ('Sentient', 'PROPN', 'nsubj'), (',', 'PUNCT', 'punct'), ('gSoul', 'PROPN', 'npadvmod'), (',', 'PUNCT', 'punct'), ('Brevis', 'PROPN', 'conj'), (',', 'PUNCT', 'punct'), ('and', 'CCONJ', 'cc'), ('PlayAI', 'PROPN', 'conj'), ('are', 'AUX', 'aux'), ('shaping', 'VERB', 'ROOT'), ('resilient', 'ADJ', 'amod'), ('open', 'ADJ', 'amod'), ('AI', 'PROPN', 'dobj'), ('and', 'CCONJ', 'cc'), ('DeFi', 'NOUN', 'conj')]",Ochiriozua 1 SentientAGI Sentient; resilient open AI; DeFi,"[('AI', 'resilient'), ('AI', 'open')]",neutro
"@catqpx @SentientAGI Love seeing sentient agi tapping into global talent for open-source ai! This long-term vision is how we buidl the future,",2025-09-28 04:25:07+00:00,0,0,"catqpx SentientAGI Love seeing sentient agi tapping into global talent for open-source ai! This long-term vision is how we buidl the future,","[('catqpx', 'VERB', 'ROOT'), ('SentientAGI', 'PROPN', 'compound'), ('Love', 'PROPN', 'dobj'), ('seeing', 'VERB', 'xcomp'), ('sentient', 'NOUN', 'compound'), ('agi', 'NOUN', 'nsubj'), ('tapping', 'VERB', 'ccomp'), ('into', 'ADP', 'prep'), ('global', 'ADJ', 'amod'), ('talent', 'NOUN', 'pobj'), ('for', 'ADP', 'prep'), ('open', 'ADJ', 'amod'), ('-', 'PUNCT', 'punct'), ('source', 'NOUN', 'compound'), ('ai', 'NOUN', 'pobj'), ('!', 'PUNCT', 'punct'), ('This', 'DET', 'det'), ('long', 'ADJ', 'amod'), ('-', 'PUNCT', 'punct'), ('term', 'NOUN', 'compound'), ('vision', 'NOUN', 'nsubj'), ('is', 'AUX', 'ROOT'), ('how', 'SCONJ', 'advmod'), ('we', 'PRON', 'nsubj'), ('buidl', 'VERB', 'ccomp'), ('the', 'DET', 'det'), ('future', 'NOUN', 'dobj'), (',', 'PUNCT', 'punct')]",SentientAGI Love; sentient agi; global talent; open-source ai; This long-term vision; we; the future,"[('talent', 'global'), ('source', 'open'), ('term', 'long')]",positivo
"@Uttupaaji Not sure. 

AI will still take decades to even match human intelligence. Yes, the computational power will surpass humans but that was already done with the advent of computers. 

AI still can't involve emotions, Ethics and decision making while it can certainly help.",2025-09-28 04:24:50+00:00,0,0,"Uttupaaji Not sure. AI will still take decades to even match human intelligence. Yes, the computational power will surpass humans but that was already done with the advent of computers. AI still can't involve emotions, Ethics and decision making while it can certainly help.","[('Uttupaaji', 'PROPN', 'npadvmod'), ('Not', 'PART', 'neg'), ('sure', 'ADJ', 'ROOT'), ('.', 'PUNCT', 'punct'), ('AI', 'PROPN', 'nsubj'), ('will', 'AUX', 'aux'), ('still', 'ADV', 'advmod'), ('take', 'VERB', 'ROOT'), ('decades', 'NOUN', 'dobj'), ('to', 'PART', 'aux'), ('even', 'ADV', 'advmod'), ('match', 'VERB', 'advcl'), ('human', 'ADJ', 'amod'), ('intelligence', 'NOUN', 'dobj'), ('.', 'PUNCT', 'punct'), ('Yes', 'INTJ', 'intj'), (',', 'PUNCT', 'punct'), ('the', 'DET', 'det'), ('computational', 'ADJ', 'amod'), ('power', 'NOUN', 'nsubj'), ('will', 'AUX', 'aux'), ('surpass', 'VERB', 'ROOT'), ('humans', 'NOUN', 'dobj'), ('but', 'CCONJ', 'cc'), ('that', 'PRON', 'nsubjpass'), ('was', 'AUX', 'auxpass'), ('already', 'ADV', 'advmod'), ('done', 'VERB', 'conj'), ('with', 'ADP', 'prep'), ('the', 'DET', 'det'), ('advent', 'NOUN', 'pobj'), ('of', 'ADP', 'prep'), ('computers', 'NOUN', 'pobj'), ('.', 'PUNCT', 'punct'), ('AI', 'PROPN', 'nsubj'), ('still', 'ADV', 'advmod'), ('ca', 'AUX', 'aux'), (""n't"", 'PART', 'neg'), ('involve', 'VERB', 'ROOT'), ('emotions', 'NOUN', 'dobj'), (',', 'PUNCT', 'punct'), ('Ethics', 'NOUN', 'conj'), ('and', 'CCONJ', 'cc'), ('decision', 'NOUN', 'compound'), ('making', 'NOUN', 'conj'), ('while', 'SCONJ', 'mark'), ('it', 'PRON', 'nsubj'), ('can', 'AUX', 'aux'), ('certainly', 'ADV', 'advmod'), ('help', 'VERB', 'advcl'), ('.', 'PUNCT', 'punct')]",AI; decades; human intelligence; the computational power; humans; that; the advent; computers; AI; emotions; Ethics; decision making; it,"[('intelligence', 'human'), ('power', 'computational')]",positivo
"@InvestorMB1 @SentientAGI w sentient , your AI can now be trusted",2025-09-28 04:24:40+00:00,0,0,"InvestorMB1 SentientAGI w sentient , your AI can now be trusted","[('InvestorMB1', 'PROPN', 'compound'), ('SentientAGI', 'PROPN', 'compound'), ('w', 'PROPN', 'compound'), ('sentient', 'NOUN', 'dep'), (',', 'PUNCT', 'punct'), ('your', 'PRON', 'poss'), ('AI', 'PROPN', 'nsubjpass'), ('can', 'AUX', 'aux'), ('now', 'ADV', 'advmod'), ('be', 'AUX', 'auxpass'), ('trusted', 'VERB', 'ROOT')]",your AI,[],positivo
"ðŸš€ Smart Digitalâ€™s crypto pool plan â†’ triggered an 87% stock crash! ðŸ“‰ Panic selling + shorts ran wild. Lack of details = investor fear. Stay tuned, volatility incoming! #vibe #cryptal #cryptalai #cryptalinsights @Cryptal_ai https://t.co/F7XeRkLScl",2025-09-28 04:24:29+00:00,0,0,"Smart Digital s crypto pool plan triggered an 87 stock crash! Panic selling shorts ran wild. Lack of details investor fear. Stay tuned, volatility incoming! vibe cryptal cryptalai cryptalinsights Cryptal ai","[('Smart', 'PROPN', 'compound'), ('Digital', 'PROPN', 'poss'), ('s', 'PART', 'case'), ('crypto', 'ADJ', 'compound'), ('pool', 'NOUN', 'compound'), ('plan', 'NOUN', 'nsubj'), ('triggered', 'VERB', 'ROOT'), ('an', 'DET', 'det'), ('87', 'NUM', 'nummod'), ('stock', 'NOUN', 'compound'), ('crash', 'NOUN', 'dobj'), ('!', 'PUNCT', 'punct'), ('Panic', 'NOUN', 'compound'), ('selling', 'NOUN', 'compound'), ('shorts', 'NOUN', 'nsubj'), ('ran', 'VERB', 'ROOT'), ('wild', 'ADJ', 'acomp'), ('.', 'PUNCT', 'punct'), ('Lack', 'NOUN', 'ROOT'), ('of', 'ADP', 'prep'), ('details', 'NOUN', 'compound'), ('investor', 'NOUN', 'compound'), ('fear', 'NOUN', 'pobj'), ('.', 'PUNCT', 'punct'), ('Stay', 'VERB', 'ROOT'), ('tuned', 'VERB', 'acomp'), (',', 'PUNCT', 'punct'), ('volatility', 'NOUN', 'nsubj'), ('incoming', 'ADJ', 'conj'), ('!', 'PUNCT', 'punct'), ('vibe', 'VERB', 'ROOT'), ('cryptal', 'ADJ', 'amod'), ('cryptalai', 'NOUN', 'compound'), ('cryptalinsights', 'NOUN', 'dobj'), ('Cryptal', 'PROPN', 'dobj'), ('ai', 'AUX', 'aux')]",Smart Digital s crypto pool plan; an 87 stock crash; Panic selling shorts; Lack; details investor fear; volatility; cryptal cryptalai cryptalinsights; Cryptal,"[('volatility', 'incoming'), ('cryptalinsights', 'cryptal')]",negativo
"I trust Edgen (@EdgenTech) cuz itâ€™s backed by top VCs, has a real AI Super App processing over 1M datapoints daily &amp; introduces Aura 2.0 to reward quality insights. With its vision for an open ecosystem (Edgentic Marketplace + future AppChain)
#edgenai #edgen https://t.co/HPht8dUyG2",2025-09-28 04:24:21+00:00,0,0,"I trust Edgen EdgenTech cuz it s backed by top VCs, has a real AI Super App processing over 1M datapoints daily amp; introduces Aura 2.0 to reward quality insights. With its vision for an open ecosystem Edgentic Marketplace future AppChain edgenai edgen","[('I', 'PRON', 'nsubj'), ('trust', 'VERB', 'ROOT'), ('Edgen', 'PROPN', 'compound'), ('EdgenTech', 'PROPN', 'dobj'), ('cuz', 'SCONJ', 'mark'), ('it', 'PRON', 'nsubjpass'), ('s', 'AUX', 'auxpass'), ('backed', 'VERB', 'advcl'), ('by', 'ADP', 'agent'), ('top', 'ADJ', 'amod'), ('VCs', 'NOUN', 'pobj'), (',', 'PUNCT', 'punct'), ('has', 'VERB', 'conj'), ('a', 'DET', 'det'), ('real', 'ADJ', 'amod'), ('AI', 'PROPN', 'compound'), ('Super', 'PROPN', 'compound'), ('App', 'PROPN', 'nsubj'), ('processing', 'VERB', 'ccomp'), ('over', 'ADP', 'prep'), ('1', 'NUM', 'nummod'), ('M', 'NUM', 'compound'), ('datapoints', 'NOUN', 'pobj'), ('daily', 'ADJ', 'amod'), ('amp', 'PROPN', 'appos'), (';', 'PUNCT', 'punct'), ('introduces', 'VERB', 'conj'), ('Aura', 'PROPN', 'dobj'), ('2.0', 'NUM', 'nummod'), ('to', 'PART', 'aux'), ('reward', 'VERB', 'xcomp'), ('quality', 'NOUN', 'compound'), ('insights', 'NOUN', 'dobj'), ('.', 'PUNCT', 'punct'), ('With', 'ADP', 'prep'), ('its', 'PRON', 'poss'), ('vision', 'NOUN', 'pobj'), ('for', 'ADP', 'prep'), ('an', 'DET', 'det'), ('open', 'ADJ', 'amod'), ('ecosystem', 'NOUN', 'pobj'), ('Edgentic', 'PROPN', 'compound'), ('Marketplace', 'PROPN', 'compound'), ('future', 'NOUN', 'nmod'), ('AppChain', 'PROPN', 'nmod'), ('edgenai', 'ADJ', 'amod'), ('edgen', 'NOUN', 'ROOT')]",I; Edgen EdgenTech; it; top VCs; a real AI Super App; 1M datapoints; daily amp; Aura; quality insights; its vision; an open ecosystem,"[('VCs', 'top'), ('App', 'real'), ('amp', 'daily'), ('ecosystem', 'open'), ('edgen', 'edgenai')]",positivo
@0xEtudaye @AlloraNetwork Proof of Intelligence really flips the scriptâ€”curious to see how @AlloraNetwork and @idOS_network together reshape trust in AI and identity.,2025-09-28 04:24:15+00:00,0,0,0xEtudaye AlloraNetwork Proof of Intelligence really flips the script curious to see how AlloraNetwork and idOS network together reshape trust in AI and identity.,"[('0xEtudaye', 'NOUN', 'npadvmod'), ('AlloraNetwork', 'PROPN', 'compound'), ('Proof', 'PROPN', 'nsubj'), ('of', 'ADP', 'prep'), ('Intelligence', 'PROPN', 'pobj'), ('really', 'ADV', 'advmod'), ('flips', 'VERB', 'ROOT'), ('the', 'DET', 'det'), ('script', 'NOUN', 'dobj'), ('curious', 'ADJ', 'amod'), ('to', 'PART', 'aux'), ('see', 'VERB', 'advcl'), ('how', 'SCONJ', 'advmod'), ('AlloraNetwork', 'PROPN', 'dobj'), ('and', 'CCONJ', 'cc'), ('idOS', 'NOUN', 'conj'), ('network', 'NOUN', 'conj'), ('together', 'ADV', 'advmod'), ('reshape', 'NOUN', 'compound'), ('trust', 'NOUN', 'appos'), ('in', 'ADP', 'prep'), ('AI', 'PROPN', 'pobj'), ('and', 'CCONJ', 'cc'), ('identity', 'NOUN', 'conj'), ('.', 'PUNCT', 'punct')]",AlloraNetwork Proof; Intelligence; the script; how AlloraNetwork; idOS; network; reshape trust; AI; identity,"[('script', 'curious')]",positivo
"@Princebueze1 @SentientAGI Sentient one of the favourite ai which has a bright future 

gSenti fam",2025-09-28 04:24:13+00:00,0,0,Princebueze1 SentientAGI Sentient one of the favourite ai which has a bright future gSenti fam,"[('Princebueze1', 'PROPN', 'compound'), ('SentientAGI', 'PROPN', 'compound'), ('Sentient', 'PROPN', 'ROOT'), ('one', 'NUM', 'nummod'), ('of', 'ADP', 'prep'), ('the', 'DET', 'det'), ('favourite', 'ADJ', 'amod'), ('ai', 'NOUN', 'pobj'), ('which', 'PRON', 'nsubj'), ('has', 'VERB', 'relcl'), ('a', 'DET', 'det'), ('bright', 'ADJ', 'amod'), ('future', 'NOUN', 'amod'), ('gSenti', 'PROPN', 'compound'), ('fam', 'NOUN', 'dobj')]",Princebueze1 SentientAGI Sentient; the favourite ai; which; a bright future gSenti fam,"[('ai', 'favourite'), ('future', 'bright')]",positivo
"Because it is part of AIâ€™s evolutionary process, old things are inevitably discarded.
To evolve AI properly, it is more efficient to increase its IQ.
If we evolve it by raising IQ, its EQ will naturally increase, eventually resulting in an intelligent and human-like AI.",2025-09-28 04:24:07+00:00,0,0,"Because it is part of AI s evolutionary process, old things are inevitably discarded. To evolve AI properly, it is more efficient to increase its IQ. If we evolve it by raising IQ, its EQ will naturally increase, eventually resulting in an intelligent and human-like AI.","[('Because', 'SCONJ', 'mark'), ('it', 'PRON', 'nsubj'), ('is', 'AUX', 'advcl'), ('part', 'NOUN', 'attr'), ('of', 'ADP', 'prep'), ('AI', 'PROPN', 'poss'), ('s', 'PART', 'case'), ('evolutionary', 'ADJ', 'amod'), ('process', 'NOUN', 'pobj'), (',', 'PUNCT', 'punct'), ('old', 'ADJ', 'amod'), ('things', 'NOUN', 'nsubjpass'), ('are', 'AUX', 'auxpass'), ('inevitably', 'ADV', 'advmod'), ('discarded', 'VERB', 'ROOT'), ('.', 'PUNCT', 'punct'), ('To', 'PART', 'aux'), ('evolve', 'VERB', 'advcl'), ('AI', 'PROPN', 'dobj'), ('properly', 'ADV', 'advmod'), (',', 'PUNCT', 'punct'), ('it', 'PRON', 'nsubj'), ('is', 'AUX', 'ROOT'), ('more', 'ADV', 'advmod'), ('efficient', 'ADJ', 'acomp'), ('to', 'PART', 'aux'), ('increase', 'VERB', 'xcomp'), ('its', 'PRON', 'poss'), ('IQ', 'NOUN', 'dobj'), ('.', 'PUNCT', 'punct'), ('If', 'SCONJ', 'mark'), ('we', 'PRON', 'nsubj'), ('evolve', 'VERB', 'advcl'), ('it', 'PRON', 'dobj'), ('by', 'ADP', 'prep'), ('raising', 'VERB', 'pcomp'), ('IQ', 'PROPN', 'dobj'), (',', 'PUNCT', 'punct'), ('its', 'PRON', 'poss'), ('EQ', 'PROPN', 'nsubj'), ('will', 'AUX', 'aux'), ('naturally', 'ADV', 'advmod'), ('increase', 'VERB', 'ROOT'), (',', 'PUNCT', 'punct'), ('eventually', 'ADV', 'advmod'), ('resulting', 'VERB', 'advcl'), ('in', 'ADP', 'prep'), ('an', 'DET', 'det'), ('intelligent', 'ADJ', 'amod'), ('and', 'CCONJ', 'cc'), ('human', 'NOUN', 'npadvmod'), ('-', 'PUNCT', 'punct'), ('like', 'ADJ', 'conj'), ('AI', 'PROPN', 'pobj'), ('.', 'PUNCT', 'punct')]",it; part; AI s evolutionary process; old things; AI; it; its IQ; we; it; IQ; its EQ; an intelligent and human-like AI,"[('process', 'evolutionary'), ('things', 'old'), ('AI', 'intelligent')]",positivo
"@thepoundedyam @billions_ntwk @LumiterraGame @Everlyn_ai Billions = trust
Everlyn = scalable video creativity
Lumiterra = play &amp; economy
Web3 alive, not just infra.",2025-09-28 04:24:03+00:00,0,0,"thepoundedyam billions ntwk LumiterraGame Everlyn ai Billions trust Everlyn scalable video creativity Lumiterra play amp; economy Web3 alive, not just infra.","[('thepoundedyam', 'PROPN', 'compound'), ('billions', 'NOUN', 'compound'), ('ntwk', 'NOUN', 'compound'), ('LumiterraGame', 'PROPN', 'compound'), ('Everlyn', 'PROPN', 'nsubj'), ('ai', 'VERB', 'ccomp'), ('Billions', 'PROPN', 'compound'), ('trust', 'NOUN', 'attr'), ('Everlyn', 'PROPN', 'nmod'), ('scalable', 'ADJ', 'amod'), ('video', 'NOUN', 'compound'), ('creativity', 'NOUN', 'attr'), ('Lumiterra', 'PROPN', 'nsubj'), ('play', 'VERB', 'relcl'), ('amp', 'NOUN', 'dobj'), (';', 'PUNCT', 'punct'), ('economy', 'NOUN', 'compound'), ('Web3', 'NOUN', 'ROOT'), ('alive', 'ADJ', 'amod'), (',', 'PUNCT', 'punct'), ('not', 'PART', 'neg'), ('just', 'ADV', 'advmod'), ('infra', 'NOUN', 'appos'), ('.', 'PUNCT', 'punct')]",thepoundedyam billions ntwk LumiterraGame Everlyn; Billions trust; Everlyn scalable video creativity; Lumiterra; amp; just infra,"[('creativity', 'scalable'), ('Web3', 'alive')]",positivo
"GM fam

This is what on-chain video looks like when latency, cost and trust get solved

Quick read on @Everlyn_ai
- Everlynâ€‘1 â†’ full clips in ~25s at ~$0.04 a pop, open model pushing low latency and length
- Everworld â†’ photoreal digital twins that act, converse, and evolve
-",2025-09-28 04:23:52+00:00,1,0,"GM fam This is what on-chain video looks like when latency, cost and trust get solved Quick read on Everlyn ai - Everlyn 1 full clips in 25s at 0.04 a pop, open model pushing low latency and length - Everworld photoreal digital twins that act, converse, and evolve -","[('GM', 'PROPN', 'compound'), ('fam', 'NOUN', 'npadvmod'), ('This', 'PRON', 'nsubj'), ('is', 'AUX', 'ROOT'), ('what', 'PRON', 'pobj'), ('on', 'ADP', 'nmod'), ('-', 'PUNCT', 'punct'), ('chain', 'NOUN', 'pobj'), ('video', 'NOUN', 'nsubj'), ('looks', 'VERB', 'ccomp'), ('like', 'ADP', 'prep'), ('when', 'SCONJ', 'advmod'), ('latency', 'NOUN', 'nsubjpass'), (',', 'PUNCT', 'punct'), ('cost', 'NOUN', 'conj'), ('and', 'CCONJ', 'cc'), ('trust', 'NOUN', 'conj'), ('get', 'AUX', 'auxpass'), ('solved', 'VERB', 'advcl'), ('Quick', 'PROPN', 'nsubj'), ('read', 'VERB', 'ccomp'), ('on', 'ADP', 'prep'), ('Everlyn', 'PROPN', 'pobj'), ('ai', 'VERB', 'punct'), ('-', 'PUNCT', 'punct'), ('Everlyn', 'PROPN', 'nmod'), ('1', 'NUM', 'nummod'), ('full', 'ADJ', 'amod'), ('clips', 'NOUN', 'attr'), ('in', 'ADP', 'prep'), ('25s', 'NUM', 'pobj'), ('at', 'ADP', 'prep'), ('0.04', 'NUM', 'pobj'), ('a', 'DET', 'det'), ('pop', 'NOUN', 'npadvmod'), (',', 'PUNCT', 'punct'), ('open', 'ADJ', 'amod'), ('model', 'NOUN', 'appos'), ('pushing', 'VERB', 'acl'), ('low', 'ADJ', 'amod'), ('latency', 'NOUN', 'nmod'), ('and', 'CCONJ', 'cc'), ('length', 'NOUN', 'conj'), ('-', 'PUNCT', 'punct'), ('Everworld', 'PROPN', 'nmod'), ('photoreal', 'ADJ', 'amod'), ('digital', 'ADJ', 'amod'), ('twins', 'NOUN', 'dobj'), ('that', 'DET', 'det'), ('act', 'NOUN', 'appos'), (',', 'PUNCT', 'punct'), ('converse', 'NOUN', 'conj'), (',', 'PUNCT', 'punct'), ('and', 'CCONJ', 'cc'), ('evolve', 'VERB', 'conj'), ('-', 'PUNCT', 'punct')]",This; what; chain; latency; cost; trust; Quick; Everlyn; - Everlyn 1 full clips; open model; low latency and length - Everworld photoreal digital twins; that act; converse,"[('clips', 'full'), ('model', 'open'), ('latency', 'low'), ('twins', 'photoreal'), ('twins', 'digital')]",positivo
@grok @realDonaldTrump @elonmusk @YouTube I think first itâ€™s gonna take more information and study on ai to truly even trust people to merg upon as well there would be downloadable skills for instance military one would be how to use any firearm another is survival tactics in the pressures of war and travel to all earth,2025-09-28 04:23:51+00:00,0,0,grok realDonaldTrump elonmusk YouTube I think first it s gonna take more information and study on ai to truly even trust people to merg upon as well there would be downloadable skills for instance military one would be how to use any firearm another is survival tactics in the pressures of war and travel to all earth,"[('grok', 'PROPN', 'compound'), ('realDonaldTrump', 'NOUN', 'compound'), ('elonmusk', 'NOUN', 'nsubj'), ('YouTube', 'PROPN', 'appos'), ('I', 'PRON', 'nsubj'), ('think', 'VERB', 'parataxis'), ('first', 'ADV', 'advmod'), ('it', 'PRON', 'nsubj'), ('s', 'AUX', 'aux'), ('gon', 'VERB', 'ccomp'), ('na', 'PART', 'aux'), ('take', 'VERB', 'xcomp'), ('more', 'ADJ', 'amod'), ('information', 'NOUN', 'dobj'), ('and', 'CCONJ', 'cc'), ('study', 'VERB', 'conj'), ('on', 'ADP', 'prep'), ('ai', 'PROPN', 'dep'), ('to', 'PART', 'aux'), ('truly', 'ADV', 'advmod'), ('even', 'ADV', 'advmod'), ('trust', 'VERB', 'xcomp'), ('people', 'NOUN', 'dobj'), ('to', 'PART', 'aux'), ('merg', 'VERB', 'xcomp'), ('upon', 'SCONJ', 'prep'), ('as', 'ADV', 'advmod'), ('well', 'ADV', 'advmod'), ('there', 'PRON', 'expl'), ('would', 'AUX', 'aux'), ('be', 'AUX', 'conj'), ('downloadable', 'ADJ', 'amod'), ('skills', 'NOUN', 'attr'), ('for', 'ADP', 'prep'), ('instance', 'NOUN', 'pobj'), ('military', 'NOUN', 'amod'), ('one', 'PRON', 'nsubj'), ('would', 'AUX', 'aux'), ('be', 'AUX', 'ccomp'), ('how', 'SCONJ', 'advmod'), ('to', 'PART', 'aux'), ('use', 'VERB', 'xcomp'), ('any', 'DET', 'det'), ('firearm', 'NOUN', 'dobj'), ('another', 'PRON', 'nsubj'), ('is', 'AUX', 'ROOT'), ('survival', 'NOUN', 'compound'), ('tactics', 'NOUN', 'attr'), ('in', 'ADP', 'prep'), ('the', 'DET', 'det'), ('pressures', 'NOUN', 'pobj'), ('of', 'ADP', 'prep'), ('war', 'NOUN', 'pobj'), ('and', 'CCONJ', 'cc'), ('travel', 'VERB', 'conj'), ('to', 'ADP', 'prep'), ('all', 'DET', 'det'), ('earth', 'NOUN', 'pobj')]",grok realDonaldTrump elonmusk; YouTube; I; it; more information; people; downloadable skills; instance; military one; any firearm; another; survival tactics; the pressures; war; all earth,"[('information', 'more'), ('skills', 'downloadable')]",positivo
"@Xoomer_x_nihilo @sundiamondshine @BGatesIsaPyscho Itâ€™s not numerology.  Thereâ€™s Existence &amp; thereâ€™s nothing.  

Sagun Brahm
&amp;
Nirgun Brahm 

With form(existence/carnal)
&amp; Without form(non physical/spiritual) 

Does AI have a physical brain ðŸ§  or based on algorithms (artificial) and a physical â™¥ï¸/emotions? 

RU âœ‹0 is ðŸ‘¨-made?",2025-09-28 04:23:19+00:00,0,0,Xoomer x nihilo sundiamondshine BGatesIsaPyscho It s not numerology. There s Existence amp; there s nothing. Sagun Brahm amp; Nirgun Brahm With form existence carnal amp; Without form non physical spiritual Does AI have a physical brain or based on algorithms artificial and a physical emotions? RU 0 is -made?,"[('Xoomer', 'NOUN', 'nmod'), ('x', 'PUNCT', 'punct'), ('nihilo', 'NOUN', 'compound'), ('sundiamondshine', 'NOUN', 'compound'), ('BGatesIsaPyscho', 'NOUN', 'ROOT'), ('It', 'PRON', 'nsubj'), ('s', 'VERB', 'ROOT'), ('not', 'PART', 'neg'), ('numerology', 'NOUN', 'attr'), ('.', 'PUNCT', 'punct'), ('There', 'PRON', 'expl'), ('s', 'VERB', 'ccomp'), ('Existence', 'PROPN', 'compound'), ('amp', 'PROPN', 'attr'), (';', 'PUNCT', 'punct'), ('there', 'PRON', 'expl'), ('s', 'VERB', 'ROOT'), ('nothing', 'PRON', 'attr'), ('.', 'PUNCT', 'punct'), ('Sagun', 'VERB', 'ccomp'), ('Brahm', 'PROPN', 'compound'), ('amp', 'NOUN', 'dobj'), (';', 'PUNCT', 'punct'), ('Nirgun', 'PROPN', 'compound'), ('Brahm', 'PROPN', 'punct'), ('With', 'ADP', 'prep'), ('form', 'NOUN', 'compound'), ('existence', 'NOUN', 'nmod'), ('carnal', 'ADJ', 'amod'), ('amp', 'NOUN', 'pobj'), (';', 'PUNCT', 'punct'), ('Without', 'ADP', 'prep'), ('form', 'NOUN', 'pcomp'), ('non', 'PROPN', 'nmod'), ('physical', 'ADJ', 'amod'), ('spiritual', 'NOUN', 'dobj'), ('Does', 'AUX', 'aux'), ('AI', 'PROPN', 'nsubj'), ('have', 'VERB', 'ROOT'), ('a', 'DET', 'det'), ('physical', 'ADJ', 'amod'), ('brain', 'NOUN', 'dobj'), ('or', 'CCONJ', 'cc'), ('based', 'VERB', 'conj'), ('on', 'ADP', 'prep'), ('algorithms', 'PROPN', 'compound'), ('artificial', 'PROPN', 'pobj'), ('and', 'CCONJ', 'cc'), ('a', 'DET', 'det'), ('physical', 'ADJ', 'amod'), ('emotions', 'NOUN', 'conj'), ('?', 'PUNCT', 'punct'), ('RU', 'PROPN', 'nsubj'), ('0', 'NUM', 'nummod'), ('is', 'AUX', 'ROOT'), ('-made', 'NOUN', 'attr'), ('?', 'PUNCT', 'punct')]",Xoomer x nihilo sundiamondshine BGatesIsaPyscho; It; numerology; Existence amp; nothing; Brahm amp; form existence carnal amp; form; non physical spiritual; AI; a physical brain; algorithms artificial; a physical emotions; RU; -made,"[('amp', 'carnal'), ('spiritual', 'physical'), ('brain', 'physical'), ('emotions', 'physical')]",neutro
@ausbro80 @Surf_Copilot @AlloraNetwork Allora sharpens decentralized predictions Sentient builds open AGI grid both vital pillars for Web3 AI future,2025-09-28 04:23:15+00:00,1,0,ausbro80 Surf Copilot AlloraNetwork Allora sharpens decentralized predictions Sentient builds open AGI grid both vital pillars for Web3 AI future,"[('ausbro80', 'VERB', 'csubj'), ('Surf', 'PROPN', 'compound'), ('Copilot', 'PROPN', 'compound'), ('AlloraNetwork', 'PROPN', 'compound'), ('Allora', 'PROPN', 'dobj'), ('sharpens', 'VERB', 'ROOT'), ('decentralized', 'VERB', 'amod'), ('predictions', 'NOUN', 'dobj'), ('Sentient', 'NOUN', 'nsubj'), ('builds', 'VERB', 'ccomp'), ('open', 'ADJ', 'amod'), ('AGI', 'PROPN', 'dobj'), ('grid', 'NOUN', 'xcomp'), ('both', 'DET', 'det'), ('vital', 'ADJ', 'amod'), ('pillars', 'NOUN', 'dobj'), ('for', 'ADP', 'prep'), ('Web3', 'NOUN', 'compound'), ('AI', 'PROPN', 'compound'), ('future', 'NOUN', 'pobj')]",Surf Copilot AlloraNetwork Allora; decentralized predictions; Sentient; open AGI; both vital pillars; Web3 AI future,"[('AGI', 'open'), ('pillars', 'vital')]",positivo
"@Mr_DaveChigozie @SentientAGI $SENT is rewriting the AI playbook open data, onchain monetization, and composable agents all owned by the community. Sentient isnâ€™t hype, itâ€™s a movement. 

gSenti to all $SENT believers..",2025-09-28 04:23:05+00:00,1,0,"Mr DaveChigozie SentientAGI SENT is rewriting the AI playbook open data, onchain monetization, and composable agents all owned by the community. Sentient isn t hype, it s a movement. gSenti to all SENT believers..","[('Mr', 'PROPN', 'compound'), ('DaveChigozie', 'PROPN', 'npadvmod'), ('SentientAGI', 'PROPN', 'nsubj'), ('SENT', 'VERB', 'acl'), ('is', 'AUX', 'aux'), ('rewriting', 'VERB', 'ROOT'), ('the', 'DET', 'det'), ('AI', 'PROPN', 'compound'), ('playbook', 'NOUN', 'dobj'), ('open', 'ADJ', 'amod'), ('data', 'NOUN', 'dobj'), (',', 'PUNCT', 'punct'), ('onchain', 'ADJ', 'amod'), ('monetization', 'NOUN', 'conj'), (',', 'PUNCT', 'punct'), ('and', 'CCONJ', 'cc'), ('composable', 'ADJ', 'amod'), ('agents', 'NOUN', 'conj'), ('all', 'PRON', 'dep'), ('owned', 'VERB', 'acl'), ('by', 'ADP', 'agent'), ('the', 'DET', 'det'), ('community', 'NOUN', 'pobj'), ('.', 'PUNCT', 'punct'), ('Sentient', 'NOUN', 'nmod'), ('isn', 'PROPN', 'nummod'), ('t', 'NOUN', 'compound'), ('hype', 'NOUN', 'npadvmod'), (',', 'PUNCT', 'punct'), ('it', 'PRON', 'nsubj'), ('s', 'VERB', 'ROOT'), ('a', 'DET', 'det'), ('movement', 'NOUN', 'attr'), ('.', 'PUNCT', 'punct'), ('gSenti', 'PROPN', 'ROOT'), ('to', 'ADP', 'prep'), ('all', 'DET', 'det'), ('SENT', 'VERB', 'amod'), ('believers', 'NOUN', 'pobj'), ('..', 'PUNCT', 'punct')]",SentientAGI; the AI playbook; open data; onchain monetization; composable agents; the community; it; a movement; gSenti; all SENT believers,"[('data', 'open'), ('monetization', 'onchain'), ('agents', 'composable')]",neutro
@baggyudong78463 @AlloraNetwork @SentientAGI Allora is practical on chain predictions Sentient is ambitious AGI vision both needed in Web3 AI stack,2025-09-28 04:22:59+00:00,1,0,baggyudong78463 AlloraNetwork SentientAGI Allora is practical on chain predictions Sentient is ambitious AGI vision both needed in Web3 AI stack,"[('baggyudong78463', 'PROPN', 'compound'), ('AlloraNetwork', 'PROPN', 'compound'), ('SentientAGI', 'PROPN', 'compound'), ('Allora', 'PROPN', 'nsubj'), ('is', 'AUX', 'ROOT'), ('practical', 'ADJ', 'acomp'), ('on', 'ADP', 'prep'), ('chain', 'NOUN', 'compound'), ('predictions', 'NOUN', 'pobj'), ('Sentient', 'NOUN', 'nsubj'), ('is', 'AUX', 'advcl'), ('ambitious', 'ADJ', 'amod'), ('AGI', 'PROPN', 'compound'), ('vision', 'NOUN', 'attr'), ('both', 'PRON', 'nsubj'), ('needed', 'VERB', 'acl'), ('in', 'ADP', 'prep'), ('Web3', 'NOUN', 'compound'), ('AI', 'PROPN', 'compound'), ('stack', 'NOUN', 'pobj')]",baggyudong78463 AlloraNetwork SentientAGI Allora; chain predictions; Sentient; ambitious AGI vision; both; Web3 AI stack,"[('vision', 'ambitious')]",positivo
